id,stress,severity
1,0,0
2,0,0
3,0,0
4,0,0
5,0,0
11,0,0
12,0,0
13,0,0
15,0,0
17,0,0
18,0,0
20,3,2
22,1,1
24,1,1
27,1,1
28,1,2
31,1,3
32,1,1
33,1,1
34,1,1
35,1,2
36,1,1
38,1,1
42,1,2
44,1,1
49,1,2
52,1,1
53,1,2
54,1,2
55,4,2
56,1,3
57,1,1
59,1,1
60,1,2
61,1,3
62,4,1
63,1,1
64,1,1
65,1,1
66,1,1
67,1,1
102,2,1
104,2,1
106,2,2
107,2,1
112,2,2
113,2,1
114,2,1
115,2,1
117,2,4
120,2,1
121,2,1
122,2,3
123,2,2
125,2,1
126,2,4
127,2,2
128,2,1
129,2,4
130,2,2
131,2,2
133,2,2
134,2,1
136,2,1
137,1,1
138,2,3
139,2,4
140,2,2
142,2,1
143,2,3
144,2,1
145,2,1
146,2,2
148,2,1
151,2,1
152,2,1
153,2,3
154,2,3
157,2,1
158,2,1
160,2,1
161,2,2
162,2,1
163,2,1
165,2,2
166,2,1
167,2,1
168,2,1
169,2,1
171,2,1
172,2,1
173,2,1
175,0,0
176,0,0
177,0,0
178,0,0
179,0,0
180,0,0
182,0,0
183,0,0
185,0,0
186,0,0
187,0,0
189,0,0
194,0,0
195,0,0
196,0,0
199,0,0
202,0,0
206,0,0
208,0,0
211,0,0
213,1,1
214,1,1
216,1,1
219,1,2
220,1,1
221,1,1
223,1,1
225,1,2
226,1,1
227,1,2
228,1,1
229,1,1
231,0,0
232,3,2
233,3,1
235,3,2
237,3,1
238,3,1
239,3,1
241,3,2
242,3,2
243,3,3
244,3,2
245,3,1
246,3,2
247,3,1
248,3,1
249,3,2
251,3,1
252,3,2
253,3,2
254,3,3
255,3,2
256,3,3
257,3,2
258,3,2
259,3,1
260,3,1
262,3,1
263,3,2
264,3,1
265,3,2
266,3,1
267,3,1
268,3,1
270,3,1
273,3,2
274,3,1
275,3,1
276,3,1
277,3,1
279,3,1
281,3,1
282,3,1
283,3,3
286,3,1
287,3,2
290,3,2
292,3,2
293,3,2
296,3,1
297,3,2
299,3,2
300,3,3
301,3,3
303,3,1
304,3,2
305,3,1
306,3,2
310,3,3
311,3,1
313,3,1
314,3,1
316,3,1
317,3,1
320,3,2
321,3,4
322,3,2
323,3,3
326,3,2
327,3,3
328,3,2
329,3,1
330,3,1
332,3,1
335,3,1
336,3,3
337,3,1
338,3,1
339,3,2
340,3,1
341,3,1
342,3,1
343,3,1
344,3,1
345,3,2
347,3,1
348,3,1
349,3,1
350,3,3
351,3,1
352,3,1
353,3,2
354,3,1
357,3,2
358,3,1
359,3,1
360,3,1
361,3,1
363,3,1
364,3,3
366,3,1
367,3,1
368,3,1
370,3,1
371,3,3
375,3,1
376,3,1
377,3,3
378,3,1
379,3,2
381,3,1
382,3,1
383,3,2
386,3,1
389,3,1
390,3,1
391,3,4
393,3,1
394,3,1
398,3,2
399,3,1
400,3,2
401,3,1
406,3,1
407,3,2
409,3,4
411,3,1
413,3,1
414,3,3
419,3,2
420,3,1
421,3,2
422,3,1
424,3,2
427,3,2
429,3,4
431,3,1
432,3,2
433,3,1
434,3,2
435,3,1
436,3,2
437,3,1
438,3,1
440,3,1
441,3,1
442,3,1
444,3,1
446,0,0
447,1,1
448,3,4
449,3,1
450,3,1
452,3,1
455,3,1
457,3,1
458,3,2
461,3,3
462,3,1
463,3,1
465,3,1
466,4,1
467,3,1
468,3,1
469,3,1
470,3,1
471,3,1
472,3,2
473,3,2
474,3,2
475,3,1
476,3,1
477,3,1
479,3,1
480,3,1
481,3,2
482,3,2
483,3,2
484,3,2
486,3,1
487,3,3
488,3,2
490,3,1
491,3,1
493,3,1
494,4,1
495,3,2
496,3,3
500,3,1
501,3,1
502,3,4
505,3,3
507,3,4
508,3,2
512,3,1
513,3,2
514,3,1
515,3,1
521,3,1
522,2,3
525,4,1
526,3,2
528,3,1
529,3,1
530,3,1
531,3,1
533,3,4
534,3,2
536,3,3
538,3,1
542,3,1
543,3,2
545,3,1
546,3,1
547,3,4
550,3,3
551,3,3
553,3,1
554,3,2
555,4,1
556,3,2
557,3,1
558,2,1
560,2,1
561,2,4
562,4,1
563,3,1
564,3,1
566,4,1
567,4,1
568,0,0
570,2,2
572,2,1
573,0,0
574,3,1
575,1,1
576,1,1
577,4,1
579,4,1
580,1,1
582,0,0
583,0,0
584,1,1
585,1,1
586,2,1
587,0,0
588,1,1
589,2,3
590,2,2
591,3,1
592,3,1
593,2,2
594,4,1
595,3,1
596,2,4
597,2,2
598,2,4
603,0,0
604,4,1
607,1,1
609,2,1
610,3,1
613,0,0
614,0,0
616,0,0
617,3,1
620,1,1
621,2,1
622,1,1
624,0,0
625,0,0
626,0,0
627,0,0
628,3,2
629,0,0
630,0,0
631,0,0
632,1,1
634,4,1
635,0,0
636,2,1
640,3,1
641,2,1
643,0,0
644,1,1
645,3,1
646,3,1
647,3,1
648,4,1
649,0,0
650,2,1
653,4,1
654,3,1
655,3,1
656,0,0
659,4,1
660,1,1
661,3,1
662,1,1
663,1,2
664,2,4
665,2,1
667,0,0
669,3,2
670,3,2
673,3,1
674,0,0
678,1,1
680,1,1
684,0,0
686,1,3
687,0,0
1000,1,1
1001,0,0
1002,1,1
1004,1,1
1005,1,1
1006,0,0
1007,0,0
1008,2,1
1009,2,1
1010,1,1
1012,1,1
1014,1,1
1015,1,1
1016,4,1
1017,1,1
1018,2,1
1019,1,1
1020,1,1
1021,1,1
1022,2,1
1023,1,1
1026,1,1
1028,1,2
1029,1,1
1030,1,1
1031,1,1
1032,1,1
1033,1,1
1034,2,2
1035,1,1
1036,2,1
1038,1,1
1040,1,1
1041,1,1
1043,1,1
1044,1,1
1045,4,1
1048,0,0
1049,0,0
1050,1,1
1051,1,2
1052,2,1
1053,1,2
1054,0,0
1059,1,2
1060,2,1
1061,1,2
1063,1,1
1066,0,0
1067,4,1
1068,1,2
1069,0,0
1070,1,1
1072,1,1
1073,1,1
1075,1,2
1076,0,0
1078,1,1
1079,2,1
1080,2,1
1081,0,0
1082,1,1
1084,0,0
1085,2,3
1088,1,1
1089,0,0
1090,4,1
1093,0,0
1094,2,1
1096,1,1
1097,1,1
1099,1,1
1100,1,1
1101,4,1
1102,1,2
1103,2,1
1104,1,1
1105,0,0
1106,1,1
1108,1,1
1109,1,2
1110,0,0
1111,2,1
1112,2,1
1113,1,1
1114,1,1
1115,0,0
1117,1,1
1119,1,1
1120,1,2
1121,1,1
1122,2,1
1123,1,1
1124,0,0
1125,2,4
1126,1,1
1128,1,1
1129,1,1
1130,1,1
1131,1,1
1132,1,1
1133,1,1
1134,0,0
1135,1,3
1136,1,1
1137,1,1
1138,1,1
1140,2,2
1141,1,1
1144,1,1
1145,1,1
1147,1,3
1148,3,2
1149,3,1
1150,2,2
1153,1,1
1155,1,1
1156,0,0
1157,1,2
1158,4,1
1159,4,1
1160,1,1
1161,1,1
1162,1,3
1163,1,1
1164,0,0
1165,1,2
1170,1,1
1171,1,1
1173,1,2
1175,4,1
1176,1,2
1178,1,1
1179,3,1
1181,0,0
1183,0,0
1187,0,0
1189,1,1
1190,1,1
1191,2,2
1192,1,1
1193,0,0
1194,0,0
1195,3,2
1196,0,0
1198,0,0
1200,4,1
1201,0,0
1202,4,1
1203,1,1
1204,1,1
1206,2,1
1208,1,1
1210,1,3
1213,1,1
1215,4,1
1217,1,1
1219,1,1
1220,4,1
1221,4,1
1222,1,1
1224,1,1
1226,0,0
1228,0,0
1229,0,0
1230,0,0
1231,2,1
1233,2,1
1235,2,1
1238,2,1
1239,2,2
1240,2,1
1241,2,1
1242,1,1
1243,2,3
1245,2,1
1246,4,1
1248,2,4
1251,4,1
1252,4,1
1254,2,2
1255,2,1
1258,2,2
1259,2,1
1261,2,1
1267,2,1
1268,2,2
1269,2,1
1270,2,1
1271,2,1
1273,2,3
1274,2,1
1275,2,1
1276,2,4
1277,2,4
1278,2,1
1279,2,1
1280,2,1
1281,2,1
1285,2,1
1286,2,1
1287,2,1
1288,2,3
1290,2,1
1291,2,3
1292,2,2
1293,2,2
1296,2,1
1297,2,4
1299,2,1
1300,2,2
1301,1,1
1303,2,2
1304,2,2
1305,1,1
1306,2,2
1307,2,1
1309,2,2
1310,1,1
1312,1,2
1313,4,1
1316,1,2
1318,2,1
1319,2,1
1320,2,4
1321,1,1
1322,1,3
1323,4,2
1324,1,1
1325,2,1
1326,2,4
1327,2,4
1329,2,2
1330,2,2
1332,2,2
1335,2,1
1336,2,1
1337,2,1
1339,2,1
1342,2,4
1344,2,2
1346,2,3
1350,2,1
1351,1,1
1352,2,2
1354,2,1
1356,2,2
1358,2,1
1359,2,3
1360,2,2
1361,4,2
1362,1,1
1363,2,1
1364,2,1
1365,2,1
1366,2,1
1368,2,1
1369,2,1
1370,0,0
1371,2,1
1374,2,1
1375,2,1
1377,2,1
1378,2,1
1381,2,2
1383,2,1
1384,2,1
1385,2,1
1386,2,1
1388,2,3
1389,2,1
1390,2,2
1392,1,2
1393,4,1
1395,2,2
1396,2,3
1397,2,1
1398,2,2
1400,2,1
1404,4,1
1405,2,1
1407,2,1
1408,2,1
1410,4,1
1411,2,1
1412,1,1
1413,2,2
1414,2,1
1418,2,1
1419,2,1
1420,2,1
1421,1,1
1423,2,1
1424,2,2
1427,2,1
1428,2,1
1429,2,1
1430,2,1
1431,2,2
1432,2,2
1434,2,1
1435,1,1
1437,2,1
1439,2,1
1440,2,3
1442,2,3
1443,2,1
1444,4,1
1445,2,1
1446,4,1
1447,2,1
1451,1,1
1452,1,1
1453,4,1
1455,2,2
1456,2,2
1457,2,1
1458,1,1
1459,1,1
1460,2,2
1461,2,1
1463,2,1
1464,2,1
1465,2,1
1467,2,1
1468,2,4
1469,4,2
1470,2,3
1472,2,2
1473,2,2
1474,2,2
1475,2,1
1477,1,1
1478,4,1
1479,2,1
1480,1,1
1482,1,1
1486,2,3
1491,2,1
1492,2,1
1495,2,2
1496,4,1
1498,2,1
1499,1,1
1502,2,2
1504,1,1
1505,2,1
1506,2,1
1507,2,1
1513,2,1
1517,2,4
1518,2,1
1519,1,1
1522,2,1
1523,2,1
1524,2,2
1526,2,1
1527,2,3
1528,2,1
1529,2,1
1531,2,2
1532,2,1
1533,2,1
1534,2,2
1535,2,1
1538,4,1
1539,2,1
1540,2,1
1541,2,2
1542,1,1
1544,2,2
1546,2,1
1547,2,2
1548,2,1
1549,4,1
1550,4,1
1551,2,1
1555,4,1
1559,2,1
1560,2,1
1561,2,3
1562,1,1
1563,2,1
1566,2,1
1567,2,1
1568,2,1
1570,2,1
1571,2,1
1573,4,2
1574,4,1
1575,4,1
1577,4,1
1578,4,1
1580,2,2
1581,2,3
1582,4,1
1583,2,1
1585,1,1
1586,2,3
1590,2,3
1591,4,1
1593,2,1
1594,2,1
1595,2,1
1597,2,1
1598,2,1
1599,2,1
1600,2,1
1602,2,1
1603,2,1
1605,2,2
1606,2,4
1608,4,1
1609,2,2
1611,4,1
1613,2,3
1614,2,1
1618,4,2
1620,2,2
1622,2,1
1623,2,4
1625,4,1
1626,2,1
1627,2,1
1628,2,1
1629,2,2
1630,4,1
1631,4,1
1632,2,2
1633,2,4
1634,4,1
1637,2,1
1639,2,1
1641,2,1
1642,4,3
1644,4,1
1646,2,2
1647,2,4
1648,2,1
1652,2,1
1654,4,1
1656,2,1
1657,2,2
1658,4,1
1660,4,1
1661,4,1
1662,2,2
1663,4,2
1666,2,2
1667,2,1
1669,4,1
1674,2,1
1675,4,1
1677,4,1
1679,2,2
1680,2,2
1681,2,2
1682,2,1
1683,0,0
1684,2,1
1685,0,0
1686,4,2
1687,2,1
1689,4,1
1693,2,1
1695,2,2
1697,4,2
1698,2,2
1699,2,1
1700,4,1
1701,2,2
1702,2,1
1704,2,4
1705,2,3
1706,4,1
1707,2,3
1711,4,1
1712,2,1
1716,2,2
1717,2,1
1719,4,1
1720,4,2
1721,2,1
1724,4,1
1725,4,1
1726,2,1
1727,4,2
1728,4,1
1729,2,1
1732,4,1
1733,4,1
1735,4,1
1736,3,1
1738,2,2
1740,2,1
1743,2,2
1744,2,2
1745,4,1
1746,4,1
